timestamp,process_name,pid,exe_path,parent_name,hook_api_present,has_ll_keyboard_hook,hook_related_dll_count,has_visible_window,window_count,cpu_mean,cpu_max,mem_rss_mb_mean,file_write_bytes_sum,file_write_rate,open_file_count_mean,net_connections_mean,net_bytes_sent_sum,is_signed,is_system_process,has_startup_entry,no_exe_path,cmdline_empty,name_length,running_from_temp,running_from_appdata,age_seconds,hook_no_window,hook_with_network,has_kernel_hooks,uses_raw_input_api,label
2026-09-30 20:22:33,brave.exe,3700,C:\Program Files\BraveSoftware\Brave-Browser\Application\brave.exe,brave.exe,0.0,0.0,0.0,0.0,0.0,0.0,0.0,65.27734375,0.0,0.0,10.0,0.0,0.0,0.0,0.0,0.0,0.0,1.0,9.0,0.0,0.0,0.8340620994567871,0.0,0.0,0.0,0.0,safe
2026-09-30 20:23:35,brave.exe,8448,C:\Program Files\BraveSoftware\Brave-Browser\Application\brave.exe,brave.exe,0.0,0.0,0.0,0.0,0.0,0.0,0.0,65.41015625,0.0,0.0,10.0,0.0,0.0,0.0,0.0,0.0,0.0,1.0,9.0,0.0,0.0,2.944272994995117,0.0,0.0,0.0,0.0,safe
2026-09-30 20:23:48,brave.exe,25220,C:\Program Files\BraveSoftware\Brave-Browser\Application\brave.exe,brave.exe,0.0,0.0,0.0,0.0,0.0,0.0,0.0,119.7890625,0.0,0.0,10.0,0.0,0.0,0.0,0.0,0.0,0.0,1.0,9.0,0.0,0.0,1.7766728401184082,0.0,0.0,0.0,0.0,safe
2026-09-30 20:24:34,brave.exe,12676,C:\Program Files\BraveSoftware\Brave-Browser\Application\brave.exe,brave.exe,0.0,0.0,0.0,0.0,0.0,0.0,0.0,64.57421875,0.0,0.0,10.0,0.0,0.0,0.0,0.0,0.0,0.0,1.0,9.0,0.0,0.0,1.8385820388793945,0.0,0.0,0.0,0.0,safe
2026-09-30 20:24:58,brave.exe,24884,C:\Program Files\BraveSoftware\Brave-Browser\Application\brave.exe,brave.exe,0.0,0.0,0.0,0.0,0.0,0.0,0.0,118.9375,0.0,0.0,10.0,0.0,0.0,0.0,0.0,0.0,0.0,1.0,9.0,0.0,0.0,1.5703613758087158,0.0,0.0,0.0,0.0,safe
2026-09-30 20:25:32,brave.exe,25084,C:\Program Files\BraveSoftware\Brave-Browser\Application\brave.exe,brave.exe,0.0,0.0,0.0,0.0,0.0,0.0,0.0,64.57421875,0.0,0.0,10.0,0.0,0.0,0.0,0.0,0.0,0.0,1.0,9.0,0.0,0.0,0.7798714637756348,0.0,0.0,0.0,0.0,safe
2026-09-30 20:26:15,searchprotocolhost.exe,20096,C:\Windows\System32\SearchProtocolHost.exe,searchindexer.exe,0.0,0.0,0.0,0.0,0.0,0.0,0.0,20.46484375,0.0,0.0,0.0,0.0,0.0,0.0,0.0,0.0,0.0,1.0,22.0,0.0,0.0,2.937795400619507,0.0,0.0,0.0,0.0,safe
2026-09-30 20:26:34,brave.exe,14664,C:\Program Files\BraveSoftware\Brave-Browser\Application\brave.exe,brave.exe,0.0,0.0,0.0,0.0,0.0,0.0,0.0,50.42578125,0.0,0.0,10.0,0.0,0.0,0.0,0.0,0.0,0.0,1.0,9.0,0.0,0.0,2.0059525966644287,0.0,0.0,0.0,0.0,safe
2026-09-30 20:27:34,brave.exe,2744,C:\Program Files\BraveSoftware\Brave-Browser\Application\brave.exe,brave.exe,0.0,0.0,0.0,0.0,0.0,0.0,0.0,66.109375,0.0,0.0,10.0,0.0,0.0,0.0,0.0,0.0,0.0,1.0,9.0,0.0,0.0,2.441953182220459,0.0,0.0,0.0,0.0,safe
2026-09-30 20:27:41,msedgewebview2.exe,25444,C:\Program Files (x86)\Microsoft\EdgeWebView\Application\154.0.4258.37\msedgewebview2.exe,msedgewebview2.exe,0.0,0.0,0.0,0.0,0.0,0.0,0.0,7.80859375,0.0,0.0,1.0,0.0,0.0,0.0,0.0,0.0,0.0,1.0,18.0,0.0,0.0,1.0722556114196777,0.0,0.0,0.0,0.0,safe
2026-09-30 20:28:33,brave.exe,22332,C:\Program Files\BraveSoftware\Brave-Browser\Application\brave.exe,brave.exe,0.0,0.0,0.0,0.0,0.0,0.0,0.0,62.0234375,0.0,0.0,10.0,0.0,0.0,0.0,0.0,0.0,0.0,1.0,9.0,0.0,0.0,1.0882034301757812,0.0,0.0,0.0,0.0,safe
2026-09-30 20:29:35,brave.exe,27480,C:\Program Files\BraveSoftware\Brave-Browser\Application\brave.exe,brave.exe,0.0,0.0,0.0,0.0,0.0,0.0,0.0,64.72265625,0.0,0.0,10.0,0.0,0.0,0.0,0.0,0.0,0.0,1.0,9.0,0.0,0.0,3.486973762512207,0.0,0.0,0.0,0.0,safe
2026-09-30 20:30:12,searchprotocolhost.exe,10468,C:\Windows\System32\SearchProtocolHost.exe,searchindexer.exe,0.0,0.0,0.0,0.0,0.0,0.0,0.0,20.25,0.0,0.0,0.0,0.0,0.0,0.0,0.0,0.0,0.0,1.0,22.0,0.0,0.0,0.6979634761810303,0.0,0.0,0.0,0.0,safe
2026-09-30 20:30:29,searchfilterhost.exe,18808,C:\Windows\System32\SearchFilterHost.exe,searchindexer.exe,0.0,0.0,0.0,0.0,0.0,0.0,0.0,16.34375,0.0,0.0,0.0,0.0,0.0,0.0,0.0,0.0,0.0,1.0,20.0,0.0,0.0,1.103337287902832,0.0,0.0,0.0,0.0,safe
2026-09-30 20:30:33,brave.exe,28620,C:\Program Files\BraveSoftware\Brave-Browser\Application\brave.exe,brave.exe,0.0,0.0,0.0,0.0,0.0,0.0,0.0,77.74609375,0.0,0.0,10.0,0.0,0.0,0.0,0.0,0.0,0.0,1.0,9.0,0.0,0.0,0.853708028793335,0.0,0.0,0.0,0.0,safe
2026-09-30 20:31:35,brave.exe,16268,C:\Program Files\BraveSoftware\Brave-Browser\Application\brave.exe,brave.exe,0.0,0.0,0.0,0.0,0.0,0.0,0.0,62.08203125,0.0,0.0,10.0,0.0,0.0,0.0,0.0,0.0,0.0,1.0,9.0,0.0,0.0,3.5229458808898926,0.0,0.0,0.0,0.0,safe
2026-09-30 20:32:33,brave.exe,28100,C:\Program Files\BraveSoftware\Brave-Browser\Application\brave.exe,brave.exe,0.0,0.0,0.0,0.0,0.0,0.0,0.0,65.43359375,0.0,0.0,10.0,0.0,0.0,0.0,0.0,0.0,0.0,1.0,9.0,0.0,0.0,1.2023909091949463,0.0,0.0,0.0,0.0,safe
2026-09-30 20:33:33,brave.exe,16480,C:\Program Files\BraveSoftware\Brave-Browser\Application\brave.exe,brave.exe,0.0,0.0,0.0,0.0,0.0,0.0,0.0,48.32421875,0.0,0.0,10.0,0.0,0.0,0.0,0.0,0.0,0.0,1.0,9.0,0.0,0.0,1.0679516792297363,0.0,0.0,0.0,0.0,safe
2026-09-30 20:34:33,brave.exe,29136,C:\Program Files\BraveSoftware\Brave-Browser\Application\brave.exe,brave.exe,0.0,0.0,0.0,0.0,0.0,0.0,0.0,48.30859375,0.0,0.0,10.0,0.0,0.0,0.0,0.0,0.0,0.0,1.0,9.0,0.0,0.0,0.927356481552124,0.0,0.0,0.0,0.0,safe
2026-09-30 20:35:33,brave.exe,8340,C:\Program Files\BraveSoftware\Brave-Browser\Application\brave.exe,brave.exe,0.0,0.0,0.0,0.0,0.0,0.0,0.0,61.83984375,0.0,0.0,10.0,0.0,0.0,0.0,0.0,0.0,0.0,1.0,9.0,0.0,0.0,1.3718693256378174,0.0,0.0,0.0,0.0,safe
2026-09-30 20:36:32,brave.exe,23096,C:\Program Files\BraveSoftware\Brave-Browser\Application\brave.exe,brave.exe,0.0,0.0,0.0,0.0,0.0,0.0,0.0,71.93359375,0.0,0.0,10.0,0.0,0.0,0.0,0.0,0.0,0.0,1.0,9.0,0.0,0.0,0.4977705478668213,0.0,0.0,0.0,0.0,safe
2026-09-30 20:37:35,brave.exe,22048,C:\Program Files\BraveSoftware\Brave-Browser\Application\brave.exe,brave.exe,0.0,0.0,0.0,0.0,0.0,0.0,0.0,65.65234375,0.0,0.0,10.0,0.0,0.0,0.0,0.0,0.0,0.0,1.0,9.0,0.0,0.0,3.138124704360962,0.0,0.0,0.0,0.0,safe
2026-09-30 20:38:02,msedgewebview2.exe,3356,C:\Program Files (x86)\Microsoft\EdgeWebView\Application\154.0.4258.37\msedgewebview2.exe,msedgewebview2.exe,0.0,0.0,0.0,0.0,0.0,0.0,0.0,82.21484375,0.0,0.0,8.0,0.0,0.0,0.0,0.0,0.0,0.0,1.0,18.0,0.0,0.0,0.8425846099853516,0.0,0.0,0.0,0.0,safe
2026-09-30 20:38:32,brave.exe,2028,C:\Program Files\BraveSoftware\Brave-Browser\Application\brave.exe,brave.exe,0.0,0.0,0.0,0.0,0.0,0.0,0.0,65.50390625,0.0,0.0,10.0,0.0,0.0,0.0,0.0,0.0,0.0,1.0,9.0,0.0,0.0,0.779057502746582,0.0,0.0,0.0,0.0,safe
2026-09-30 20:39:11,msedgewebview2.exe,7528,C:\Program Files (x86)\Microsoft\EdgeWebView\Application\154.0.4258.37\msedgewebview2.exe,msedgewebview2.exe,0.0,0.0,0.0,0.0,0.0,0.0,0.0,82.34765625,0.0,0.0,8.0,0.0,0.0,0.0,0.0,0.0,0.0,1.0,18.0,0.0,0.0,1.2227778434753418,0.0,0.0,0.0,0.0,safe
2026-09-30 20:39:34,brave.exe,9356,C:\Program Files\BraveSoftware\Brave-Browser\Application\brave.exe,brave.exe,0.0,0.0,0.0,0.0,0.0,0.0,0.0,48.19140625,0.0,0.0,10.0,0.0,0.0,0.0,0.0,0.0,0.0,1.0,9.0,0.0,0.0,1.886763095855713,0.0,0.0,0.0,0.0,safe
2026-09-30 20:40:34,brave.exe,24704,C:\Program Files\BraveSoftware\Brave-Browser\Application\brave.exe,brave.exe,0.0,0.0,0.0,0.0,0.0,0.0,0.0,61.8828125,0.0,0.0,10.0,0.0,0.0,0.0,0.0,0.0,0.0,1.0,9.0,0.0,0.0,2.214801549911499,0.0,0.0,0.0,0.0,safe
2026-09-30 20:41:00,searchprotocolhost.exe,9700,C:\Windows\System32\SearchProtocolHost.exe,searchindexer.exe,0.0,0.0,0.0,0.0,0.0,0.0,0.0,20.52734375,0.0,0.0,0.0,0.0,0.0,0.0,0.0,0.0,0.0,1.0,22.0,0.0,0.0,2.4216291904449463,0.0,0.0,0.0,0.0,safe
2026-09-30 20:41:30,searchfilterhost.exe,22524,C:\Windows\System32\SearchFilterHost.exe,searchindexer.exe,0.0,0.0,0.0,0.0,0.0,0.0,0.0,31.9609375,0.0,0.0,0.0,0.0,0.0,0.0,0.0,0.0,0.0,1.0,20.0,0.0,0.0,2.280571222305298,0.0,0.0,0.0,0.0,safe
2026-09-30 20:41:30,searchfilterhost.exe,28712,C:\Windows\System32\SearchFilterHost.exe,searchindexer.exe,0.0,0.0,0.0,0.0,0.0,0.0,0.0,14.2265625,0.0,0.0,0.0,0.0,0.0,0.0,0.0,0.0,0.0,1.0,20.0,0.0,0.0,2.12570858001709,0.0,0.0,0.0,0.0,safe
2026-09-30 20:41:34,brave.exe,21044,C:\Program Files\BraveSoftware\Brave-Browser\Application\brave.exe,brave.exe,0.0,0.0,0.0,0.0,0.0,0.0,0.0,62.0234375,0.0,0.0,10.0,0.0,0.0,0.0,0.0,0.0,0.0,1.0,9.0,0.0,0.0,1.9204003810882568,0.0,0.0,0.0,0.0,safe
2026-09-30 20:43:18,python.exe,576,C:\Users\Anto\OneDrive\Desktop\Keylogger\.venv\Scripts\python.exe,code.exe,0.0,0.0,0.0,0.0,0.0,0.0,0.0,0.0,0.0,0.0,0.0,0.0,0.0,0.0,0.0,0.0,0.0,1.0,10.0,0.0,0.0,1.638505458831787,0.0,0.0,0.0,0.0,safe
2026-09-30 20:43:19,python.exe,1488,C:\Users\Anto\OneDrive\Desktop\Keylogger\.venv\Scripts\python.exe,code.exe,0.0,0.0,0.0,0.0,0.0,0.0,0.0,0.0,0.0,0.0,0.0,0.0,0.0,0.0,0.0,0.0,0.0,1.0,10.0,0.0,0.0,1.6251435279846191,0.0,0.0,0.0,0.0,safe
2026-09-30 20:43:19,python.exe,5844,C:\Users\Anto\OneDrive\Desktop\Keylogger\.venv\Scripts\python.exe,code.exe,0.0,0.0,0.0,0.0,0.0,0.0,0.0,0.0,0.0,0.0,0.0,0.0,0.0,0.0,0.0,0.0,0.0,1.0,10.0,0.0,0.0,1.690610408782959,0.0,0.0,0.0,0.0,safe
2026-09-30 20:43:19,python.exe,6372,C:\Program Files\Python314\python.exe,python.exe,0.0,0.0,0.0,0.0,0.0,0.0,0.0,0.0,0.0,0.0,0.0,0.0,0.0,0.0,0.0,0.0,0.0,1.0,10.0,0.0,0.0,1.6380670070648193,0.0,0.0,0.0,0.0,safe
2026-09-30 20:43:19,python.exe,8792,C:\Program Files\Python314\python.exe,python.exe,0.0,0.0,0.0,0.0,0.0,0.0,0.0,0.0,0.0,0.0,0.0,0.0,0.0,0.0,0.0,0.0,0.0,1.0,10.0,0.0,0.0,1.9335052967071533,0.0,0.0,0.0,0.0,safe
2026-09-30 20:43:19,python.exe,12484,C:\Program Files\Python314\python.exe,python.exe,0.0,0.0,0.0,0.0,0.0,0.0,0.0,0.0,0.0,0.0,0.0,0.0,0.0,0.0,0.0,0.0,0.0,1.0,10.0,0.0,0.0,1.9500775337219238,0.0,0.0,0.0,0.0,safe
2026-09-30 20:43:19,python.exe,13216,C:\Program Files\Python314\python.exe,python.exe,0.0,0.0,0.0,0.0,0.0,0.0,0.0,0.0,0.0,0.0,0.0,0.0,0.0,0.0,0.0,0.0,0.0,1.0,10.0,0.0,0.0,2.0115132331848145,0.0,0.0,0.0,0.0,safe
2026-09-30 20:43:19,python.exe,14092,C:\Users\Anto\OneDrive\Desktop\Keylogger\.venv\Scripts\python.exe,code.exe,0.0,0.0,0.0,0.0,0.0,0.0,0.0,0.0,0.0,0.0,0.0,0.0,0.0,0.0,0.0,0.0,0.0,1.0,10.0,0.0,0.0,2.036900758743286,0.0,0.0,0.0,0.0,safe
2026-09-30 20:43:19,python.exe,15072,C:\Program Files\Python314\python.exe,python.exe,0.0,0.0,0.0,0.0,0.0,0.0,0.0,0.0,0.0,0.0,0.0,0.0,0.0,0.0,0.0,0.0,0.0,1.0,10.0,0.0,0.0,2.41569185256958,0.0,0.0,0.0,0.0,safe
2026-09-30 20:43:19,python.exe,15892,C:\Users\Anto\OneDrive\Desktop\Keylogger\.venv\Scripts\python.exe,code.exe,0.0,0.0,0.0,0.0,0.0,0.0,0.0,0.0,0.0,0.0,0.0,0.0,0.0,0.0,0.0,0.0,0.0,1.0,10.0,0.0,0.0,2.471881866455078,0.0,0.0,0.0,0.0,safe
2026-09-30 20:43:19,python.exe,16320,C:\Users\Anto\OneDrive\Desktop\Keylogger\.venv\Scripts\python.exe,code.exe,0.0,0.0,0.0,0.0,0.0,0.0,0.0,0.0,0.0,0.0,0.0,0.0,0.0,0.0,0.0,0.0,0.0,1.0,10.0,0.0,0.0,2.482120990753174,0.0,0.0,0.0,0.0,safe
2026-09-30 20:43:19,python.exe,18744,C:\Users\Anto\OneDrive\Desktop\Keylogger\.venv\Scripts\python.exe,code.exe,0.0,0.0,0.0,0.0,0.0,0.0,0.0,0.0,0.0,0.0,0.0,0.0,0.0,0.0,0.0,0.0,0.0,1.0,10.0,0.0,0.0,2.455608367919922,0.0,0.0,0.0,0.0,safe
2026-09-30 20:43:19,python.exe,21096,C:\Program Files\Python314\python.exe,python.exe,0.0,0.0,0.0,0.0,0.0,0.0,0.0,0.0,0.0,0.0,0.0,0.0,0.0,0.0,0.0,0.0,0.0,1.0,10.0,0.0,0.0,2.4472033977508545,0.0,0.0,0.0,0.0,safe
2026-09-30 20:43:19,python.exe,21904,C:\Program Files\Python314\python.exe,python.exe,0.0,0.0,0.0,0.0,0.0,0.0,0.0,0.0,0.0,0.0,0.0,0.0,0.0,0.0,0.0,0.0,0.0,1.0,10.0,0.0,0.0,2.470238447189331,0.0,0.0,0.0,0.0,safe
2026-09-30 20:43:19,python.exe,24840,C:\Program Files\Python314\python.exe,python.exe,0.0,0.0,0.0,0.0,0.0,0.0,0.0,0.0,0.0,0.0,0.0,0.0,0.0,0.0,0.0,0.0,0.0,1.0,10.0,0.0,0.0,2.4825632572174072,0.0,0.0,0.0,0.0,safe
2026-09-30 20:43:33,brave.exe,11164,C:\Program Files\BraveSoftware\Brave-Browser\Application\brave.exe,brave.exe,0.0,0.0,0.0,0.0,0.0,0.0,0.0,62.796875,0.0,0.0,10.0,0.0,0.0,0.0,0.0,0.0,0.0,1.0,9.0,0.0,0.0,1.3331589698791504,0.0,0.0,0.0,0.0,safe
2026-09-30 20:44:06,python.exe,10420,C:\Program Files\Python314\python.exe,python.exe,0.0,0.0,0.0,0.0,0.0,0.0,0.0,0.0,0.0,0.0,0.0,0.0,0.0,0.0,0.0,0.0,0.0,1.0,10.0,0.0,0.0,1.0862550735473633,0.0,0.0,0.0,0.0,safe
2026-09-30 20:44:06,python.exe,25668,C:\Users\Anto\OneDrive\Desktop\Keylogger\.venv\Scripts\python.exe,,0.0,0.0,0.0,0.0,0.0,0.0,0.0,0.0,0.0,0.0,0.0,0.0,0.0,0.0,0.0,0.0,0.0,1.0,10.0,0.0,0.0,1.1309809684753418,0.0,0.0,0.0,0.0,safe
2026-09-30 20:44:31,python.exe,7428,C:\Users\Anto\OneDrive\Desktop\Keylogger\.venv\Scripts\python.exe,code.exe,0.0,0.0,0.0,0.0,0.0,0.0,0.0,0.0,0.0,0.0,0.0,0.0,0.0,0.0,0.0,0.0,0.0,1.0,10.0,0.0,0.0,1.064401626586914,0.0,0.0,0.0,0.0,safe
2026-09-30 20:44:31,python.exe,8328,C:\Program Files\Python314\python.exe,,0.0,0.0,0.0,0.0,0.0,0.0,0.0,0.0,0.0,0.0,0.0,0.0,0.0,0.0,0.0,0.0,0.0,1.0,10.0,0.0,0.0,1.0221765041351318,0.0,0.0,0.0,0.0,safe
2026-09-30 20:44:31,python.exe,8408,C:\Program Files\Python314\python.exe,python.exe,0.0,0.0,0.0,0.0,0.0,0.0,0.0,0.0,0.0,0.0,0.0,0.0,0.0,0.0,0.0,0.0,0.0,1.0,10.0,0.0,0.0,1.017441749572754,0.0,0.0,0.0,0.0,safe
2026-09-30 20:44:31,python.exe,11448,C:\Program Files\Python314\python.exe,python.exe,0.0,0.0,0.0,0.0,0.0,0.0,0.0,0.0,0.0,0.0,0.0,0.0,0.0,0.0,0.0,0.0,0.0,1.0,10.0,0.0,0.0,1.106217384338379,0.0,0.0,0.0,0.0,safe
2026-09-30 20:44:31,python.exe,24048,C:\Program Files\Python314\python.exe,python.exe,0.0,0.0,0.0,0.0,0.0,0.0,0.0,0.0,0.0,0.0,0.0,0.0,0.0,0.0,0.0,0.0,0.0,1.0,10.0,0.0,0.0,1.0759329795837402,0.0,0.0,0.0,0.0,safe
2026-09-30 20:44:31,python.exe,25388,C:\Program Files\Python314\python.exe,python.exe,0.0,0.0,0.0,0.0,0.0,0.0,0.0,0.0,0.0,0.0,0.0,0.0,0.0,0.0,0.0,0.0,0.0,1.0,10.0,0.0,0.0,1.0575850009918213,0.0,0.0,0.0,0.0,safe
2026-09-30 20:44:32,python.exe,26764,C:\Users\Anto\OneDrive\Desktop\Keylogger\.venv\Scripts\python.exe,code.exe,0.0,0.0,0.0,0.0,0.0,0.0,0.0,0.0,0.0,0.0,0.0,0.0,0.0,0.0,0.0,0.0,0.0,1.0,10.0,0.0,0.0,1.2949073314666748,0.0,0.0,0.0,0.0,safe
2026-09-30 20:44:35,brave.exe,8200,C:\Program Files\BraveSoftware\Brave-Browser\Application\brave.exe,brave.exe,0.0,0.0,0.0,0.0,0.0,0.0,0.0,62.81640625,0.0,0.0,10.0,0.0,0.0,0.0,0.0,0.0,0.0,1.0,9.0,0.0,0.0,3.6192264556884766,0.0,0.0,0.0,0.0,safe
2026-09-30 20:45:21,searchfilterhost.exe,5800,C:\Windows\System32\SearchFilterHost.exe,searchindexer.exe,0.0,0.0,0.0,0.0,0.0,0.0,0.0,12.234375,0.0,0.0,0.0,0.0,0.0,0.0,0.0,0.0,0.0,1.0,20.0,0.0,0.0,2.5885725021362305,0.0,0.0,0.0,0.0,safe
2026-09-30 20:45:21,searchprotocolhost.exe,7920,C:\Windows\System32\SearchProtocolHost.exe,searchindexer.exe,0.0,0.0,0.0,0.0,0.0,0.0,0.0,22.0078125,0.0,0.0,0.0,0.0,0.0,0.0,0.0,0.0,0.0,1.0,22.0,0.0,0.0,3.0627846717834473,0.0,0.0,0.0,0.0,safe
2026-09-30 20:45:21,searchfilterhost.exe,14668,C:\Windows\System32\SearchFilterHost.exe,searchindexer.exe,0.0,0.0,0.0,0.0,0.0,0.0,0.0,12.59765625,0.0,0.0,0.0,0.0,0.0,0.0,0.0,0.0,0.0,1.0,20.0,0.0,0.0,2.6918444633483887,0.0,0.0,0.0,0.0,safe
2026-09-30 20:45:35,brave.exe,11572,C:\Program Files\BraveSoftware\Brave-Browser\Application\brave.exe,brave.exe,0.0,0.0,0.0,0.0,0.0,0.0,0.0,61.84765625,0.0,0.0,10.0,0.0,0.0,0.0,0.0,0.0,0.0,1.0,9.0,0.0,0.0,3.180473804473877,0.0,0.0,0.0,0.0,safe
2026-09-30 20:46:33,brave.exe,18088,C:\Program Files\BraveSoftware\Brave-Browser\Application\brave.exe,brave.exe,0.0,0.0,0.0,0.0,0.0,0.0,0.0,62.7421875,0.0,0.0,10.0,0.0,0.0,0.0,0.0,0.0,0.0,1.0,9.0,0.0,0.0,1.6710517406463623,0.0,0.0,0.0,0.0,safe
2026-09-30 20:47:35,brave.exe,19864,C:\Program Files\BraveSoftware\Brave-Browser\Application\brave.exe,brave.exe,0.0,0.0,0.0,0.0,0.0,0.0,0.0,64.6015625,0.0,0.0,10.0,0.0,0.0,0.0,0.0,0.0,0.0,1.0,9.0,0.0,0.0,3.608476400375366,0.0,0.0,0.0,0.0,safe
2026-09-30 20:47:46,brave.exe,1748,C:\Program Files\BraveSoftware\Brave-Browser\Application\brave.exe,brave.exe,0.0,0.0,0.0,0.0,0.0,0.0,0.0,93.7734375,0.0,0.0,10.0,0.0,0.0,0.0,0.0,0.0,0.0,1.0,9.0,0.0,0.0,0.9170341491699219,0.0,0.0,0.0,0.0,safe
2026-09-30 20:48:33,brave.exe,24432,C:\Program Files\BraveSoftware\Brave-Browser\Application\brave.exe,brave.exe,0.0,0.0,0.0,0.0,0.0,0.0,0.0,61.9375,0.0,0.0,10.0,0.0,0.0,0.0,0.0,0.0,0.0,1.0,9.0,0.0,0.0,0.8630623817443848,0.0,0.0,0.0,0.0,safe
2026-09-30 20:48:59,msedgewebview2.exe,6244,C:\Program Files (x86)\Microsoft\EdgeWebView\Application\154.0.4258.37\msedgewebview2.exe,msedgewebview2.exe,0.0,0.0,0.0,0.0,0.0,0.0,0.0,82.3984375,0.0,0.0,8.0,0.0,0.0,0.0,0.0,0.0,0.0,1.0,18.0,0.0,0.0,1.1498079299926758,0.0,0.0,0.0,0.0,safe
2026-09-30 20:49:35,brave.exe,15896,C:\Program Files\BraveSoftware\Brave-Browser\Application\brave.exe,brave.exe,0.0,0.0,0.0,0.0,0.0,0.0,0.0,62.015625,0.0,0.0,10.0,0.0,0.0,0.0,0.0,0.0,0.0,1.0,9.0,0.0,0.0,3.111630916595459,0.0,0.0,0.0,0.0,safe
2026-09-30 20:50:33,brave.exe,18392,C:\Program Files\BraveSoftware\Brave-Browser\Application\brave.exe,brave.exe,0.0,0.0,0.0,0.0,0.0,0.0,0.0,61.98046875,0.0,0.0,10.0,0.0,0.0,0.0,0.0,0.0,0.0,1.0,9.0,0.0,0.0,1.4254329204559326,0.0,0.0,0.0,0.0,safe
2026-09-30 20:51:33,brave.exe,324,C:\Program Files\BraveSoftware\Brave-Browser\Application\brave.exe,brave.exe,0.0,0.0,0.0,0.0,0.0,0.0,0.0,62.85546875,0.0,0.0,10.0,0.0,0.0,0.0,0.0,0.0,0.0,1.0,9.0,0.0,0.0,1.7748496532440186,0.0,0.0,0.0,0.0,safe
2026-09-30 20:52:34,brave.exe,16476,C:\Program Files\BraveSoftware\Brave-Browser\Application\brave.exe,brave.exe,0.0,0.0,0.0,0.0,0.0,0.0,0.0,61.828125,0.0,0.0,10.0,0.0,0.0,0.0,0.0,0.0,0.0,1.0,9.0,0.0,0.0,2.6046018600463867,0.0,0.0,0.0,0.0,safe
2026-09-30 20:52:48,brave.exe,6340,C:\Program Files\BraveSoftware\Brave-Browser\Application\brave.exe,brave.exe,0.0,0.0,0.0,0.0,0.0,0.0,0.0,117.015625,0.0,0.0,10.0,0.0,0.0,0.0,0.0,0.0,0.0,1.0,9.0,0.0,0.0,1.8212285041809082,0.0,0.0,0.0,0.0,safe
2026-09-30 20:53:14,searchprotocolhost.exe,18696,C:\Windows\System32\SearchProtocolHost.exe,searchindexer.exe,0.0,0.0,0.0,0.0,0.0,0.0,0.0,20.47265625,0.0,0.0,0.0,0.0,0.0,0.0,0.0,0.0,0.0,1.0,22.0,0.0,0.0,1.1232657432556152,0.0,0.0,0.0,0.0,safe
2026-09-30 20:53:33,brave.exe,25728,C:\Program Files\BraveSoftware\Brave-Browser\Application\brave.exe,brave.exe,0.0,0.0,0.0,0.0,0.0,0.0,0.0,62.734375,0.0,0.0,10.0,0.0,0.0,0.0,0.0,0.0,0.0,1.0,9.0,0.0,0.0,1.620985746383667,0.0,0.0,0.0,0.0,safe
2026-09-30 20:54:29,searchprotocolhost.exe,11864,C:\Windows\System32\SearchProtocolHost.exe,searchindexer.exe,0.0,0.0,0.0,0.0,0.0,0.0,0.0,22.17578125,0.0,0.0,0.0,0.0,0.0,0.0,0.0,0.0,0.0,1.0,22.0,0.0,0.0,1.3897132873535156,0.0,0.0,0.0,0.0,safe
2026-09-30 20:54:33,brave.exe,19056,C:\Program Files\BraveSoftware\Brave-Browser\Application\brave.exe,brave.exe,0.0,0.0,0.0,0.0,0.0,0.0,0.0,65.37890625,0.0,0.0,10.0,0.0,0.0,0.0,0.0,0.0,0.0,1.0,9.0,0.0,0.0,0.922175407409668,0.0,0.0,0.0,0.0,safe
